basis_index,lemma_pos
0,year_SUBST
1,going_VERB
2,quite_ADV
3,okay_ADV
4,down_ADV
5,why_ADV
6,way_SUBST
7,back_ADV
8,any_ADJ
9,bit_SUBST
10,need_VERB
11,in_ADV
12,--anonplace_SUBST
13,other_ADJ
14,day_SUBST
15,give_VERB
16,tell_VERB
17,these_ADJ
18,should_VERB
19,lot_SUBST
20,only_ADV
21,sort_SUBST
22,nice_ADJ
23,work_VERB
24,those_ADJ
25,more_ADJ
26,--anonnumeral_SUBST
27,as_ADV
28,might_VERB
29,right_ADJ
30,try_VERB
31,much_ADJ
32,still_ADV
33,first_ADJ
34,little_ADJ
35,probably_ADV
36,off_ADV
37,never_ADV
38,week_SUBST
39,big_ADJ
40,find_VERB
41,use_VERB
42,talk_VERB
43,again_ADV
44,last_ADJ
45,used_VERB
46,start_VERB
47,always_ADV
48,of_ADV
49,too_ADV
50,remember_VERB
51,though_ADV
52,even_ADV
53,pound_SUBST
54,call_VERB
55,about_ADV
56,same_ADJ
57,stuff_SUBST
58,more_ADV
59,keep_VERB
60,money_SUBST
61,feel_VERB
62,leave_VERB
63,ask_VERB
64,buy_VERB
65,old_ADJ
66,house_SUBST
67,pay_VERB
68,another_ADJ
69,point_SUBST
70,when_ADV
71,happen_VERB
72,gon_VERB
73,different_ADJ
74,anyway_ADV
75,many_ADJ
76,maybe_ADV
77,mum_SUBST
78,next_ADJ
79,work_SUBST
80,new_ADJ
81,let_VERB
82,god_SUBST
83,sure_ADJ
84,bad_ADJ
85,bit_ADV
86,kind_SUBST
87,must_VERB
88,man_SUBST
89,school_SUBST
90,night_SUBST
91,also_ADV
92,thank_VERB
93,place_SUBST
94,sorry_ADJ
95,else_ADV
96,away_ADV
97,car_SUBST
98,job_SUBST
99,move_VERB
100,live_VERB
101,hear_VERB
102,over_ADV
103,long_ADJ
104,sit_VERB
105,problem_SUBST
106,play_VERB
107,hour_SUBST
108,minute_SUBST
109,dad_SUBST
110,eat_VERB
111,end_SUBST
112,half_ADJ
113,number_SUBST
114,obviously_ADV
115,child_SUBST
116,today_ADV
117,course_SUBST
118,great_ADJ
119,own_ADJ
120,write_VERB
121,morning_SUBST
122,watch_VERB
123,word_SUBST
124,all_ADV
125,round_ADV
126,alright_ADJ
127,month_SUBST
128,few_ADJ
129,read_VERB
130,bring_VERB
131,turn_VERB
132,ever_ADV
133,fine_ADJ
134,name_SUBST
135,stop_VERB
136,seem_VERB
137,fact_SUBST
138,part_SUBST
139,life_SUBST
140,side_SUBST
141,friend_SUBST
142,run_VERB
143,sort_ADV
144,much_ADV
145,book_SUBST
146,idea_SUBST
147,love_VERB
148,alright_ADV
149,road_SUBST
150,area_SUBST
151,suppose_VERB
152,question_SUBST
153,exactly_ADV
154,walk_VERB
155,able_ADJ
156,please_ADV
157,change_VERB
158,mr_SUBST
159,woman_SUBST
160,lovely_ADJ
161,person_SUBST
162,send_VERB
163,whole_ADJ
164,may_VERB
165,girl_SUBST
166,okay_ADJ
167,help_VERB
168,room_SUBST
169,show_VERB
170,speak_VERB
171,guy_SUBST
172,home_ADV
173,funny_ADJ
174,pick_VERB
175,wait_VERB
176,yet_ADV
177,stay_VERB
178,ago_ADV
179,water_SUBST
180,couple_SUBST
181,hand_SUBST
182,wrong_ADJ
183,door_SUBST
184,perhaps_ADV
185,back_SUBST
186,enough_ADV
187,already_ADV
188,together_ADV
189,only_ADJ
190,meet_VERB
191,council_SUBST
192,moment_SUBST
193,small_ADJ
194,around_ADV
195,lose_VERB
196,such_ADJ
197,no_VERB
198,christmas_SUBST
199,shall_VERB
200,understand_VERB
201,group_SUBST
202,believe_VERB
203,country_SUBST
204,pretty_ADV
205,world_SUBST
206,phone_SUBST
207,family_SUBST
208,home_SUBST
209,before_ADV
210,sometimes_ADV
211,shop_SUBST
212,true_ADJ
213,load_SUBST
214,tomorrow_ADV
215,mind_VERB
216,finish_VERB
217,case_SUBST
218,basically_ADV
219,at_ADV
220,most_ADJ
221,absolutely_ADV
222,young_ADJ
223,spend_VERB
224,high_ADJ
225,sound_VERB
226,each_ADJ
227,forget_VERB
228,boy_SUBST
229,sell_VERB
230,kid_SUBST
231,reason_SUBST
232,rather_ADV
233,somewhere_ADV
234,head_SUBST
235,top_SUBST
236,hope_VERB
237,look_SUBST
238,either_ADV
239,easy_ADJ
240,card_SUBST
241,kind_ADV
242,hard_ADJ
243,course_ADV
244,age_SUBST
245,bed_SUBST
246,party_SUBST
247,game_SUBST
248,that_ADV
249,drive_VERB
250,service_SUBST
251,happy_ADJ
252,definitely_ADV
253,full_ADJ
254,interesting_ADJ
255,food_SUBST
256,paper_SUBST
257,stand_VERB
258,far_ADV
259,term_SUBST
260,weird_ADJ
261,business_SUBST
262,wear_VERB
263,cut_VERB
264,certainly_ADV
265,line_SUBST
266,shit_SUBST
267,company_SUBST
268,difficult_ADJ
269,tea_SUBST
270,second_ADJ
271,least_ADV
272,government_SUBST
273,wonder_VERB
274,both_ADJ
275,learn_VERB
276,local_ADJ
277,become_VERB
278,important_ADJ
279,listen_VERB
280,percent_SUBST
281,hold_VERB
282,carry_VERB
283,bloody_ADJ
284,picture_SUBST
285,set_VERB
286,die_VERB
287,well_ADJ
288,most_ADV
289,like_ADJ
290,holiday_SUBST
291,dog_SUBST
292,hang_VERB
293,long_ADV
294,allow_VERB
295,member_SUBST
296,agree_VERB
297,yesterday_ADV
298,black_ADJ
299,miss_VERB
300,table_SUBST
301,film_SUBST
302,once_ADV
303,level_SUBST
304,fucking_ADJ
305,build_VERB
306,type_SUBST
307,friday_SUBST
308,mother_SUBST
309,open_VERB
310,parent_SUBST
311,fall_VERB
312,free_ADJ
313,decide_VERB
314,win_VERB
315,weekend_SUBST
316,later_ADV
317,imagine_VERB
318,often_ADV
319,piece_SUBST
320,certain_ADJ
321,late_ADJ
322,guess_VERB
323,ring_VERB
324,other_SUBST
325,sense_SUBST
326,foot_SUBST
327,expect_VERB
328,baby_SUBST
329,in_VERB
330,saturday_SUBST
331,break_VERB
332,plan_SUBST
333,box_SUBST
334,cool_ADJ
335,supposed_ADJ
336,story_SUBST
337,class_SUBST
338,white_ADJ
339,cheap_ADJ
340,face_SUBST
341,policy_SUBST
342,particular_ADJ
343,letter_SUBST
344,teacher_SUBST
345,system_SUBST
346,grow_VERB
347,john_SUBST
348,sunday_SUBST
349,hot_ADJ
350,bag_SUBST
351,light_SUBST
352,office_SUBST
353,drink_VERB
354,meeting_SUBST
355,county_SUBST
356,mind_SUBST
357,war_SUBST
358,price_SUBST
359,far_ADJ
360,thanks_SUBST
361,town_SUBST
362,check_VERB
363,hair_SUBST
364,view_SUBST
365,real_ADJ
366,red_ADJ
367,report_SUBST
368,tonight_ADV
369,quid_SUBST
370,usually_ADV
371,enough_ADJ
372,end_VERB
373,enjoy_VERB
374,apparently_ADV
375,amount_SUBST
376,stick_VERB
377,pull_VERB
378,situation_SUBST
379,london_SUBST
380,street_SUBST
381,colour_SUBST
382,issue_SUBST
383,language_SUBST
384,window_SUBST
385,pass_VERB
386,city_SUBST
387,hate_VERB
388,bus_SUBST
389,open_ADJ
390,almost_ADV
391,difference_SUBST
392,eye_SUBST
393,information_SUBST
394,birthday_SUBST
395,save_VERB
396,fair_ADJ
397,monday_SUBST
398,through_ADV
399,--anonnamen_SUBST
400,rest_SUBST
401,student_SUBST
402,form_SUBST
403,normally_ADV
404,police_SUBST
405,go_SUBST
406,add_VERB
407,completely_ADV
408,page_SUBST
409,hell_SUBST
410,ready_ADJ
411,cold_ADJ
412,dinner_SUBST
413,example_SUBST
414,teach_VERB
415,change_SUBST
416,straight_ADV
417,lady_SUBST
418,brother_SUBST
419,building_SUBST
420,order_SUBST
421,mention_VERB
422,short_ADJ
423,doctor_SUBST
424,sort_VERB
425,particularly_ADV
426,matter_SUBST
427,garden_SUBST
428,deal_VERB
429,land_SUBST
430,low_ADJ
431,awful_ADJ
432,amazing_ADJ
433,british_ADJ
434,programme_SUBST
435,bet_VERB
436,less_ADV
437,body_SUBST
438,centre_SUBST
439,team_SUBST
440,early_ADJ
441,wan_VERB
442,fire_SUBST
443,throw_VERB
444,while_SUBST
445,church_SUBST
446,bother_VERB
447,front_SUBST
448,figure_SUBST
449,along_ADV
450,nearly_ADV
451,afternoon_SUBST
452,choose_VERB
453,father_SUBST
454,cost_SUBST
455,mile_SUBST
456,main_ADJ
457,literally_ADV
458,cost_VERB
459,university_SUBST
460,follow_VERB
461,cup_SUBST
462,coffee_SUBST
463,forward_ADV
464,worry_VERB
465,depend_VERB
466,horrible_ADJ
467,computer_SUBST
468,drink_SUBST
469,kill_VERB
470,trouble_SUBST
471,soon_ADV
472,evening_SUBST
473,answer_SUBST
474,brilliant_ADJ
475,expensive_ADJ
476,general_ADJ
477,cat_SUBST
478,fucking_ADV
479,little_ADV
480,reckon_VERB
481,mummy_SUBST
482,large_ADJ
483,cook_VERB
484,south_SUBST
485,matter_VERB
486,national_ADJ
487,extra_ADJ
488,interest_SUBST
489,drop_VERB
490,train_SUBST
491,leg_SUBST
492,size_SUBST
493,stupid_ADJ
494,need_SUBST
495,committee_SUBST
496,third_ADJ
497,cover_VERB
498,normal_ADJ
499,sleep_VERB
500,cake_SUBST
501,glass_SUBST
502,chocolate_SUBST
503,special_ADJ
504,chance_SUBST
505,tree_SUBST
506,list_SUBST
507,health_SUBST
508,wish_VERB
509,bottom_SUBST
510,space_SUBST
511,manage_VERB
512,north_SUBST
513,provide_VERB
514,power_SUBST
515,hit_VERB
516,training_SUBST
517,tape_SUBST
518,blue_ADJ
519,actual_ADJ
520,music_SUBST
521,shut_VERB
522,park_SUBST
523,draw_VERB
524,market_SUBST
525,stage_SUBST
526,especially_ADV
527,catch_VERB
528,realise_VERB
529,bank_SUBST
530,sister_SUBST
531,possible_ADJ
532,experience_SUBST
533,authority_SUBST
534,love_SUBST
535,quarter_SUBST
536,wall_SUBST
537,conversation_SUBST
538,floor_SUBST
539,board_SUBST
540,both_ADV
541,date_SUBST
542,fill_VERB
543,clear_ADJ
544,poor_ADJ
545,summer_SUBST
546,honest_ADJ
547,interested_ADJ
548,club_SUBST
549,wednesday_SUBST
550,suggest_VERB
551,half_SUBST
552,quick_ADJ
553,notice_VERB
554,middle_SUBST
555,phone_VERB
556,indeed_ADV
557,egg_SUBST
558,terrible_ADJ
559,chairman_SUBST
560,otherwise_ADV
561,record_VERB
562,green_ADJ
563,tax_SUBST
564,hospital_SUBST
565,mate_SUBST
566,early_ADV
567,york_SUBST
568,proper_ADJ
569,officer_SUBST
570,massive_ADJ
571,fuck_VERB
572,therefore_ADV
573,flat_SUBST
574,horse_SUBST
575,bill_SUBST
576,chicken_SUBST
577,anywhere_ADV
578,union_SUBST
579,wine_SUBST
580,accept_VERB
581,wife_SUBST
582,thursday_SUBST
583,close_ADJ
584,community_SUBST
585,mark_SUBST
586,staff_SUBST
587,position_SUBST
588,explain_VERB
589,ball_SUBST
590,station_SUBST
591,care_VERB
592,push_VERB
593,bottle_SUBST
594,bar_SUBST
595,news_SUBST
596,decision_SUBST
597,lunch_SUBST
598,site_SUBST
599,machine_SUBST
600,beautiful_ADJ
601,english_ADJ
602,kitchen_SUBST
603,fit_VERB
604,join_VERB
605,strong_ADJ
606,rate_SUBST
607,fish_SUBST
608,chair_SUBST
609,period_SUBST
610,state_SUBST
611,sing_VERB
612,tend_VERB
613,lord_SUBST
614,offer_VERB
615,close_VERB
616,education_SUBST
617,single_ADJ
618,quickly_ADV
619,second_SUBST
620,development_SUBST
621,england_SUBST
622,social_ADJ
623,mrs_SUBST
624,laugh_VERB
625,just_ADJ
626,air_SUBST
627,totally_ADV
628,corner_SUBST
629,project_SUBST
630,fairly_ADV
631,video_SUBST
632,possibly_ADV
633,support_VERB
634,david_SUBST
635,account_SUBST
636,slightly_ADV
637,busy_ADJ
638,lie_VERB
639,consider_VERB
640,song_SUBST
641,english_SUBST
642,tuesday_SUBST
643,law_SUBST
644,produce_VERB
645,bread_SUBST
646,fly_VERB
647,better_ADV
648,concerned_ADJ
649,traffic_SUBST
650,cheese_SUBST
651,lot_ADV
652,meal_SUBST
653,properly_ADV
654,rid_VERB
655,apply_VERB
656,huge_ADJ
657,set_SUBST
658,football_SUBST
659,text_SUBST
660,pub_SUBST
661,district_SUBST
662,sir_SUBST
663,effect_SUBST
664,call_SUBST
665,pardon_SUBST
666,wash_VERB
667,ground_SUBST
668,message_SUBST
669,odd_ADJ
670,test_SUBST
671,quality_SUBST
672,clearly_ADV
673,strange_ADJ
674,bloke_SUBST
675,start_SUBST
676,bedroom_SUBST
677,right_SUBST
678,shoe_SUBST
679,note_SUBST
680,degree_SUBST
681,america_SUBST
682,trade_SUBST
683,ought_VERB
684,boat_SUBST
685,milk_SUBST
686,hotel_SUBST
687,benefit_SUBST
688,jesus_SUBST
689,use_SUBST
690,show_SUBST
691,ticket_SUBST
692,knock_VERB
693,bear_VERB
694,college_SUBST
695,field_SUBST
696,history_SUBST
697,son_SUBST
698,photo_SUBST
699,budget_SUBST
700,result_SUBST
701,similar_ADJ
702,involve_VERB
703,village_SUBST
704,dead_ADJ
705,department_SUBST
706,deal_SUBST
707,play_SUBST
708,outside_ADV
709,instead_ADV
710,cream_SUBST
711,manager_SUBST
712,post_SUBST
713,choice_SUBST
714,book_VERB
715,daddy_SUBST
716,marry_VERB
717,sick_ADJ
718,lesson_SUBST
719,court_SUBST
720,ridiculous_ADJ
721,base_VERB
722,wake_VERB
723,society_SUBST
724,west_SUBST
725,opportunity_SUBST
726,clothes_SUBST
727,motion_SUBST
728,sign_VERB
729,product_SUBST
730,plan_VERB
731,got_VERB
732,comment_SUBST
733,answer_VERB
734,record_SUBST
735,darling_SUBST
736,husband_SUBST
737,action_SUBST
738,rule_SUBST
739,begin_VERB
740,whole_SUBST
741,councillor_SUBST
742,wedding_SUBST
743,animal_SUBST
744,sound_SUBST
745,section_SUBST
746,chip_SUBST
747,hurt_VERB
748,arm_SUBST
749,afford_VERB
750,various_ADJ
751,art_SUBST
752,simple_ADJ
753,labour_ADJ
754,future_SUBST
755,clean_VERB
756,beginning_SUBST
757,rubbish_SUBST
758,warm_ADJ
759,pension_SUBST
760,wood_SUBST
761,public_ADJ
762,present_SUBST
763,recently_ADV
764,east_SUBST
765,bike_SUBST
766,potato_SUBST
767,jump_VERB
768,silly_ADJ
769,share_VERB
770,detail_SUBST
771,care_SUBST
772,american_ADJ
773,twice_ADV
774,crazy_ADJ
775,double_ADJ
776,pressure_SUBST
777,less_ADJ
778,hopefully_ADV
779,support_SUBST
780,weather_SUBST
781,smell_VERB
782,available_ADJ
783,hole_SUBST
784,sweet_ADJ
785,scheme_SUBST
786,weight_SUBST
787,likely_ADJ
788,charge_VERB
789,contract_SUBST
790,lucky_ADJ
791,control_SUBST
792,walk_SUBST
793,paul_SUBST
794,worried_ADJ
795,feed_VERB
796,create_VERB
797,bloody_ADV
798,character_SUBST
799,invite_VERB
800,lead_VERB
801,fun_ADJ
802,heart_SUBST
803,process_SUBST
804,tiny_ADJ
805,turn_SUBST
806,discuss_VERB
807,private_ADJ
808,management_SUBST
809,subject_SUBST
810,finger_SUBST
811,quiet_ADJ
812,television_SUBST
813,serious_ADJ
814,tired_ADJ
815,daughter_SUBST
816,travel_VERB
817,radio_SUBST
818,ice_SUBST
819,sad_ADJ
820,toilet_SUBST
821,value_SUBST
822,cause_VERB
823,continue_VERB
824,research_SUBST
825,everywhere_ADV
826,major_ADJ
827,however_ADV
828,hall_SUBST
829,relationship_SUBST
830,sport_SUBST
831,raise_VERB
832,surely_ADV
833,item_SUBST
834,charge_SUBST
835,lad_SUBST
836,meat_SUBST
837,aware_ADJ
838,sun_SUBST
839,feeling_SUBST
840,fuck_SUBST
841,bird_SUBST
842,heavy_ADJ
843,sign_SUBST
844,pair_SUBST
845,receive_VERB
846,argument_SUBST
847,uni_SUBST
848,option_SUBST
849,ring_SUBST
850,touch_VERB
851,sugar_SUBST
852,last_VERB
853,wonderful_ADJ
854,help_SUBST
855,tooth_SUBST
856,skill_SUBST
857,refer_VERB
858,industry_SUBST
859,exam_SUBST
860,dark_ADJ
861,top_ADJ
862,annoying_ADJ
863,email_SUBST
864,necessarily_ADV
865,count_VERB
866,talk_SUBST
867,voice_SUBST
868,planning_SUBST
869,simply_ADV
870,unit_SUBST
871,beer_SUBST
872,hill_SUBST
873,collect_VERB
874,insurance_SUBST
875,earn_VERB
876,common_ADJ
877,basis_SUBST
878,plate_SUBST
879,include_VERB
880,seat_SUBST
881,tv_SUBST
882,oil_SUBST
883,region_SUBST
884,statement_SUBST
885,secretary_SUBST
886,realize_VERB
887,develop_VERB
888,front_ADJ
889,assume_VERB
890,pop_VERB
891,death_SUBST
892,surprised_ADJ
893,careful_ADJ
894,shame_SUBST
895,suddenly_ADV
896,generally_ADV
897,upstairs_ADV
898,involved_ADJ
899,bath_SUBST
900,step_SUBST
901,personal_ADJ
902,settlement_SUBST
903,sheet_SUBST
904,glad_ADJ
905,star_SUBST
906,sea_SUBST
907,remind_VERB
908,affect_VERB
909,role_SUBST
910,yorkshire_SUBST
911,apart_ADV
912,compare_VERB
913,peter_SUBST
914,practice_SUBST
915,breakfast_SUBST
916,mouth_SUBST
917,longer_ADV
918,income_SUBST
919,britain_SUBST
920,france_SUBST
921,oxford_SUBST
922,kick_VERB
923,player_SUBST
924,yellow_ADJ
925,face_VERB
926,structure_SUBST
927,boring_ADJ
928,blood_SUBST
929,eventually_ADV
930,flower_SUBST
931,goodness_SUBST
932,pretty_ADJ
933,key_SUBST
934,june_SUBST
935,europe_SUBST
936,break_SUBST
937,honestly_ADV
938,apple_SUBST
939,study_SUBST
940,michael_SUBST
941,burn_VERB
942,smoke_VERB
943,excellent_ADJ
944,fight_VERB
945,blow_VERB
946,press_VERB
947,shoot_VERB
948,increase_VERB
949,beat_VERB
950,pizza_SUBST
951,useful_ADJ
952,used_ADJ
953,joke_SUBST
954,relate_VERB
955,gas_SUBST
956,sex_SUBST
957,trip_SUBST
958,point_VERB
959,clever_ADJ
960,arrive_VERB
961,winter_SUBST
962,condition_SUBST
963,pain_SUBST
964,conference_SUBST
965,colleague_SUBST
966,own_VERB
967,pay_SUBST
968,client_SUBST
969,hard_ADV
970,evidence_SUBST
971,fun_SUBST
972,property_SUBST
973,married_ADJ
974,afterwards_ADV
975,contact_SUBST
976,taste_VERB
977,brain_SUBST
978,lay_VERB
979,for_ADV
980,prefer_VERB
981,describe_VERB
982,route_SUBST
983,effort_SUBST
984,easily_ADV
985,accent_SUBST
986,science_SUBST
987,french_ADJ
988,easter_SUBST
989,seriously_ADV
990,stone_SUBST
991,hat_SUBST
992,flight_SUBST
993,responsibility_SUBST
994,force_SUBST
995,wide_ADJ
996,discussion_SUBST
997,train_VERB
998,noise_SUBST
999,application_SUBST
1000,perfect_ADJ
1001,army_SUBST
1002,biscuit_SUBST
1003,president_SUBST
1004,dress_SUBST
1005,safe_ADJ
1006,plant_SUBST
1007,vote_VERB
1008,fruit_SUBST
1009,fault_SUBST
1010,interview_SUBST
1011,thought_SUBST
1012,treat_VERB
1013,visit_VERB
1014,serve_VERB
1015,appear_VERB
1016,nature_SUBST
1017,purpose_SUBST
1018,shower_SUBST
1019,clean_ADJ
1020,excuse_VERB
1021,mad_ADJ
1022,housing_SUBST
1023,ear_SUBST
1024,run_SUBST
1025,fancy_VERB
1026,band_SUBST
1027,library_SUBST
1028,worker_SUBST
1029,facebook_SUBST
1030,financial_ADJ
1031,due_ADJ
1032,accident_SUBST
1033,copy_SUBST
1034,richard_SUBST
1035,coat_SUBST
1036,drug_SUBST
1037,either_ADJ
1038,order_VERB
1039,central_ADJ
1040,reduce_VERB
1041,chap_SUBST
1042,wage_SUBST
1043,memory_SUBST
1044,environment_SUBST
1045,introduce_VERB
1046,fund_SUBST
1047,rich_ADJ
1048,september_SUBST
1049,farm_SUBST
1050,shout_VERB
1051,material_SUBST
1052,river_SUBST
1053,garage_SUBST
1054,advice_SUBST
1055,argue_VERB
1056,drive_SUBST
1057,standard_SUBST
1058,lane_SUBST
1059,correct_ADJ
1060,event_SUBST
1061,clear_VERB
1062,minister_SUBST
1063,driver_SUBST
1064,season_SUBST
1065,series_SUBST
1066,switch_VERB
1067,several_ADJ
1068,model_SUBST
1069,christ_SUBST
1070,scotland_SUBST
1071,natural_ADJ
1072,unfortunately_ADV
1073,cry_VERB
1074,european_ADJ
1075,january_SUBST
1076,range_SUBST
1077,pleased_ADJ
1078,ill_ADJ
1079,james_SUBST
1080,may_SUBST
1081,hardly_ADV
1082,past_SUBST
1083,resource_SUBST
1084,direction_SUBST
1085,afraid_ADJ
1086,van_SUBST
1087,match_SUBST
1088,earth_SUBST
1089,specific_ADJ
1090,sleep_SUBST
1091,improve_VERB
1092,operation_SUBST
1093,internet_SUBST
1094,necessary_ADJ
1095,camera_SUBST
1096,political_ADJ
1097,attention_SUBST
1098,proposal_SUBST
1099,roll_VERB
1100,safety_SUBST
1101,activity_SUBST
1102,fail_VERB
1103,customer_SUBST
1104,means_SUBST
1105,washing_SUBST
1106,prepare_VERB
1107,cross_VERB
1108,speaker_SUBST
1109,kinda_ADV
1110,document_SUBST
1111,achieve_VERB
1112,king_SUBST
1113,favour_SUBST
1114,pence_SUBST
1115,plane_SUBST
1116,speed_SUBST
1117,boot_SUBST
1118,pie_SUBST
1119,photograph_SUBST
1120,whenever_ADV
1121,skin_SUBST
1122,claim_VERB
1123,spell_VERB
1124,march_SUBST
1125,gun_SUBST
1126,modern_ADJ
1127,goal_SUBST
1128,middle_ADJ
1129,positive_ADJ
1130,cover_SUBST
1131,dry_ADJ
1132,thick_ADJ
1133,dress_VERB
1134,mistake_SUBST
1135,human_ADJ
1136,sales_SUBST
1137,press_SUBST
1138,appointment_SUBST
1139,address_SUBST
1140,button_SUBST
1141,sake_SUBST
1142,rain_SUBST
1143,fridge_SUBST
1144,act_VERB
1145,park_VERB
1146,theory_SUBST
1147,nose_SUBST
1148,cute_ADJ
1149,wind_SUBST
1150,bridge_SUBST
1151,april_SUBST
1152,no_ADV
1153,asleep_ADJ
1154,reach_VERB
1155,stop_SUBST
1156,fast_ADJ
1157,study_VERB
1158,light_ADJ
1159,restaurant_SUBST
1160,file_SUBST
1161,plastic_SUBST
1162,left_SUBST
1163,beach_SUBST
1164,presumably_ADV
1165,ahead_ADV
1166,maths_SUBST
1167,any_ADV
1168,new_SUBST
1169,bathroom_SUBST
1170,move_SUBST
1171,scale_SUBST
1172,fantastic_ADJ
1173,cut_SUBST
1174,sector_SUBST
1175,require_VERB
1176,basic_ADJ
1177,pool_SUBST
1178,test_VERB
1179,cash_SUBST
1180,procedure_SUBST
1181,sentence_SUBST
1182,report_VERB
1183,public_SUBST
1184,favourite_ADJ
1185,drunk_ADJ
1186,exciting_ADJ
1187,act_SUBST
1188,pink_ADJ
1189,director_SUBST
1190,fox_SUBST
1191,admit_VERB
1192,exercise_SUBST
1193,cupboard_SUBST
1194,original_ADJ
1195,flat_ADJ
1196,salt_SUBST
1197,factor_SUBST
1198,style_SUBST
1199,complete_ADJ
1200,opinion_SUBST
1201,chris_SUBST
1202,inside_ADV
1203,brown_ADJ
1204,bin_SUBST
1205,dangerous_ADJ
1206,mix_VERB
1207,pattern_SUBST
1208,fourth_ADJ
1209,reasonable_ADJ
1210,function_SUBST
1211,element_SUBST
1212,tomato_SUBST
1213,sandwich_SUBST
1214,sauce_SUBST
1215,telly_SUBST
1216,engine_SUBST
1217,straight_ADJ
1218,george_SUBST
1219,germany_SUBST
1220,paint_VERB
1221,famous_ADJ
1222,lecture_SUBST
1223,wales_SUBST
1224,respect_SUBST
1225,map_SUBST
1226,energy_SUBST
1227,rent_SUBST
1228,anymore_ADV
1229,charity_SUBST
1230,roll_SUBST
1231,difficulty_SUBST
1232,extent_SUBST
1233,adult_SUBST
1234,deliver_VERB
1235,sale_SUBST
1236,capital_SUBST
1237,reading_SUBST
1238,estate_SUBST
1239,transport_SUBST
1240,appropriate_ADJ
1241,represent_VERB
1242,green_SUBST
1243,election_SUBST
1244,dream_SUBST
1245,hide_VERB
1246,tall_ADJ
1247,prove_VERB
1248,final_ADJ
1249,fresh_ADJ
1250,spanish_ADJ
1251,leader_SUBST
1252,very_ADJ
1253,grandma_SUBST
1254,neighbour_SUBST
1255,awkward_ADJ
1256,individual_ADJ
1257,cope_VERB
1258,slow_ADJ
1259,gold_SUBST
1260,firm_SUBST
1261,profit_SUBST
1262,background_SUBST
1263,deep_ADJ
1264,edge_SUBST
1265,china_SUBST
1266,increase_SUBST
1267,pen_SUBST
1268,stuff_VERB
1269,mortgage_SUBST
1270,disgusting_ADJ
1271,borrow_VERB
1272,shopping_SUBST
1273,screen_SUBST
1274,truth_SUBST
1275,somehow_ADV
1276,vote_SUBST
1277,current_ADJ
1278,exist_VERB
1279,complain_VERB
1280,bless_VERB
1281,battery_SUBST
1282,fair_ADV
1283,identify_VERB
1284,bean_SUBST
1285,separate_ADJ
1286,pack_VERB
1287,branch_SUBST
1288,finally_ADV
1289,queen_SUBST
1290,recognise_VERB
1291,telephone_SUBST
1292,mark_VERB
1293,distance_SUBST
1294,present_ADJ
1295,control_VERB
1296,security_SUBST
1297,coal_SUBST
1298,tie_VERB
1299,spain_SUBST
1300,dear_ADJ
1301,roof_SUBST
1302,writing_SUBST
1303,scared_ADJ
1304,occasion_SUBST
1305,instance_SUBST
1306,print_VERB
1307,obvious_ADJ
1308,australia_SUBST
1309,recording_SUBST
1310,propose_VERB
1311,concern_SUBST
1312,wet_ADJ
1313,super_ADJ
1314,risk_SUBST
1315,competition_SUBST
1316,snow_SUBST
1317,doubt_SUBST
1318,waste_SUBST
1319,population_SUBST
1320,living_SUBST
1321,employment_SUBST
1322,bell_SUBST
1323,mental_ADJ
1324,majority_SUBST
1325,paragraph_SUBST
1326,trust_VERB
1327,chuck_VERB
1328,investment_SUBST
1329,debate_SUBST
1330,pot_SUBST
1331,mainly_ADV
1332,square_SUBST
1333,access_SUBST
1334,block_SUBST
1335,soup_SUBST
1336,pig_SUBST
1337,hungry_ADJ
1338,popular_ADJ
1339,chat_VERB
1340,reference_SUBST
1341,swear_VERB
1342,response_SUBST
1343,attitude_SUBST
1344,ride_VERB
1345,ordinary_ADJ
1346,duck_SUBST
1347,track_SUBST
1348,channel_SUBST
1349,gym_SUBST
1350,pocket_SUBST
1351,butter_SUBST
1352,stairs_SUBST
1353,credit_SUBST
1354,jack_SUBST
1355,movement_SUBST
1356,wee_ADJ
1357,tony_SUBST
1358,encourage_VERB
1359,tin_SUBST
1360,appreciate_VERB
1361,version_SUBST
1362,stick_SUBST
1363,previous_ADJ
1364,dave_SUBST
1365,grant_SUBST
1366,split_VERB
1367,october_SUBST
1368,form_VERB
1369,replace_VERB
1370,dirty_ADJ
1371,relation_SUBST
1372,tesco_SUBST
1373,bright_ADJ
1374,vegetable_SUBST
1375,december_SUBST
1376,aspect_SUBST
1377,place_VERB
1378,total_ADJ
1379,pipe_SUBST
1380,fat_ADJ
1381,website_SUBST
1382,sixth_ADJ
1383,shot_SUBST
1384,cross_SUBST
1385,link_SUBST
1386,gentleman_SUBST
1387,ireland_SUBST
1388,cancer_SUBST
1389,self_SUBST
1390,july_SUBST
1391,attack_VERB
1392,bob_SUBST
1393,production_SUBST
1394,fast_ADV
1395,session_SUBST
1396,desk_SUBST
1397,de_SUBST
1398,stock_SUBST
1399,february_SUBST
1400,touch_SUBST
1401,africa_SUBST
1402,ship_SUBST
1403,november_SUBST
1404,shop_VERB
1405,article_SUBST
1406,near_ADJ
1407,still_ADJ
1408,immediately_ADV
1409,suffer_VERB
1410,culture_SUBST
1411,keen_ADJ
1412,sausage_SUBST
1413,rice_SUBST
1414,shape_SUBST
1415,labour_SUBST
1416,bowl_SUBST
1417,uncle_SUBST
1418,race_SUBST
1419,design_SUBST
1420,back_VERB
1421,retire_VERB
1422,metal_SUBST
1423,provision_SUBST
1424,data_SUBST
1425,rude_ADJ
1426,railway_SUBST
1427,yard_SUBST
1428,theatre_SUBST
1429,successful_ADJ
1430,extremely_ADV
1431,international_ADJ
1432,master_SUBST
1433,avoid_VERB
1434,scary_ADJ
1435,amendment_SUBST
1436,rock_SUBST
1437,farmer_SUBST
1438,factory_SUBST
1439,thinking_SUBST
1440,base_SUBST
1441,share_SUBST
1442,onion_SUBST
1443,watch_SUBST
1444,career_SUBST
1445,knife_SUBST
1446,island_SUBST
1447,taste_SUBST
1448,journey_SUBST
1449,soft_ADJ
1450,economy_SUBST
1451,badly_ADV
1452,duty_SUBST
1453,enter_VERB
1454,boss_SUBST
1455,direct_ADJ
1456,seek_VERB
1457,peasant_SUBST
1458,swim_VERB
1459,employ_VERB
1460,august_SUBST
1461,length_SUBST
1462,blame_VERB
1463,jim_SUBST
1464,legal_ADJ
1465,orange_SUBST
1466,teaching_SUBST
1467,trousers_SUBST
1468,recommend_VERB
1469,present_VERB
1470,best_ADV
1471,joke_VERB
1472,technology_SUBST
1473,ignore_VERB
1474,greater_SUBST
1475,crap_SUBST
1476,personally_ADV
1477,settle_VERB
1478,mountain_SUBST
1479,patient_SUBST
1480,lift_VERB
1481,context_SUBST
1482,review_SUBST
1483,row_SUBST
1484,past_ADV
1485,fix_VERB
1486,ability_SUBST
1487,french_SUBST
1488,fat_SUBST
1489,spot_SUBST
1490,thin_ADJ
1491,mess_SUBST
1492,outside_ADJ
1493,congress_SUBST
1494,dear_SUBST
1495,jane_SUBST
1496,division_SUBST
1497,circumstance_SUBST
1498,carpet_SUBST
1499,wheel_SUBST
1500,protect_VERB
1501,notice_SUBST
1502,wherever_ADV
1503,hold_SUBST
1504,rent_VERB
1505,knee_SUBST
1506,absolute_ADJ
1507,individual_SUBST
1508,fully_ADV
1509,born_VERB
1510,survive_VERB
1511,tablet_SUBST
1512,penny_SUBST
1513,comfortable_ADJ
1514,speech_SUBST
1515,divide_VERB
1516,excited_ADJ
1517,fan_SUBST
1518,mary_SUBST
1519,random_ADJ
1520,united_ADJ
1521,boyfriend_SUBST
1522,trust_SUBST
1523,advance_SUBST
1524,carrot_SUBST
1525,tennis_SUBST
1526,grass_SUBST
1527,attack_SUBST
1528,sky_SUBST
1529,movie_SUBST
1530,dig_VERB
1531,spirit_SUBST
1532,entirely_ADV
1533,nurse_SUBST
1534,neck_SUBST
1535,connect_VERB
1536,airport_SUBST
1537,nottingham_SUBST
1538,newspaper_SUBST
1539,crime_SUBST
1540,advantage_SUBST
1541,perfectly_ADV
1542,alive_ADJ
1543,inch_SUBST
1544,lock_VERB
1545,balance_SUBST
1546,grey_ADJ
1547,approach_SUBST
1548,cigarette_SUBST
1549,organization_SUBST
1550,empty_ADJ
1551,under_ADV
1552,luck_SUBST
1553,mostly_ADV
1554,gate_SUBST
1555,owe_VERB
1556,organisation_SUBST
1557,girlfriend_SUBST
1558,responsible_ADJ
1559,respond_VERB
1560,key_ADJ
1561,contact_VERB
1562,lock_SUBST
1563,clue_SUBST
1564,partner_SUBST
1565,regard_VERB
1566,steal_VERB
1567,remove_VERB
1568,economic_ADJ
1569,agreement_SUBST
1570,name_VERB
1571,pack_SUBST
1572,pudding_SUBST
1573,organise_VERB
1574,century_SUBST
1575,being_SUBST
1576,store_SUBST
1577,success_SUBST
1578,fee_SUBST
1579,limit_SUBST
1580,grand_ADJ
1581,sheep_SUBST
1582,knowledge_SUBST
1583,taxi_SUBST
1584,nail_SUBST
1585,heat_SUBST
1586,uk_SUBST
1587,earlier_ADV
1588,opposite_ADJ
1589,cousin_SUBST
1590,nasty_ADJ
1591,magazine_SUBST
1592,clock_SUBST
1593,force_VERB
1594,petrol_SUBST
1595,facility_SUBST
1596,rain_VERB
1597,panel_SUBST
1598,late_ADV
1599,grand_SUBST
1600,coast_SUBST
1601,fifth_ADJ
1602,chinese_ADJ
1603,requirement_SUBST
1604,measure_VERB
1605,nowhere_ADV
1606,packet_SUBST
1607,steve_SUBST
1608,bone_SUBST
1609,gap_SUBST
1610,shirt_SUBST
1611,check_SUBST
1612,suggestion_SUBST
1613,rugby_SUBST
1614,target_SUBST
1615,originally_ADV
1616,arrange_VERB
1617,martin_SUBST
1618,possibility_SUBST
1619,tom_SUBST
1620,dry_VERB
1621,garlic_SUBST
1622,association_SUBST
1623,german_ADJ
1624,score_SUBST
1625,miss_SUBST
1626,waste_VERB
1627,saving_SUBST
1628,vehicle_SUBST
1629,helpful_ADJ
1630,grab_VERB
1631,dare_VERB
1632,furniture_SUBST
1633,principle_SUBST
1634,address_VERB
1635,existing_ADJ
1636,piss_VERB
1637,decent_ADJ
1638,salad_SUBST
1639,concentrate_VERB
1640,royal_ADJ
1641,brian_SUBST
1642,spring_SUBST
1643,juice_SUBST
1644,alan_SUBST
1645,posh_ADJ
1646,hand_VERB
1647,occur_VERB
1648,medical_ADJ
1649,lead_SUBST
1650,shoulder_SUBST
1651,sum_SUBST
1652,birmingham_SUBST
1653,prison_SUBST
1654,ann_SUBST
1655,salary_SUBST
1656,league_SUBST
1657,chat_SUBST
1658,pint_SUBST
1659,remain_VERB
1660,return_VERB
1661,pregnant_ADJ
1662,negative_ADJ
1663,criterion_SUBST
1664,cold_SUBST
1665,foreign_ADJ
1666,professional_ADJ
1667,cow_SUBST
1668,regional_ADJ
1669,will_SUBST
1670,bear_SUBST
1671,operate_VERB
1672,rough_ADJ
1673,advert_SUBST
1674,oven_SUBST
1675,alone_ADJ
1676,downstairs_ADV
1677,nowadays_ADV
1678,treatment_SUBST
1679,tape_VERB
1680,nan_SUBST
1681,sensible_ADJ
1682,forever_ADV
1683,angry_ADJ
1684,equipment_SUBST
1685,etcetera_ADV
1686,offer_SUBST
1687,agent_SUBST
1688,regular_ADJ
1689,tough_ADJ
1690,employer_SUBST
1691,fit_ADJ
1692,primary_ADJ
1693,further_ADV
1694,occasionally_ADV
1695,caravan_SUBST
1696,method_SUBST
1697,performance_SUBST
1698,standard_ADJ
1699,mike_SUBST
1700,equal_ADJ
1701,location_SUBST
1702,commit_VERB
1703,healthy_ADJ
1704,temperature_SUBST
1705,dance_VERB
1706,pretend_VERB
1707,dot_SUBST
1708,alcohol_SUBST
1709,upset_VERB
1710,complicated_ADJ
1711,impression_SUBST
1712,commission_SUBST
1713,mess_VERB
1714,welcome_VERB
1715,path_SUBST
1716,friendly_ADJ
1717,greenbelt_SUBST
1718,cancel_VERB
1719,behaviour_SUBST
1720,metre_SUBST
1721,leaf_SUBST
1722,example_ADV
1723,scene_SUBST
1724,environmental_ADJ
1725,bored_ADJ
1726,left_ADJ
1727,struggle_VERB
1728,recommendation_SUBST
1729,loud_ADJ
1730,recent_ADJ
1731,design_VERB
1732,circle_SUBST
1733,spare_ADJ
1734,electric_ADJ
1735,abroad_ADV
1736,dick_SUBST
1737,bang_VERB
1738,solicitor_SUBST
1739,click_VERB
1740,bottom_ADJ
1741,working_ADJ
1742,presentation_SUBST
1743,agency_SUBST
1744,image_SUBST
1745,german_SUBST
1746,mayor_SUBST
1747,tim_SUBST
1748,nut_SUBST
1749,objective_SUBST
1750,mouse_SUBST
1751,curry_SUBST
1752,dish_SUBST
1753,licence_SUBST
1754,suit_SUBST
1755,effectively_ADV
1756,iron_SUBST
1757,slowly_ADV
1758,lamb_SUBST
1759,pasta_SUBST
1760,granny_SUBST
1761,cheque_SUBST
1762,impact_SUBST
1763,connection_SUBST
1764,intend_VERB
1765,jean_SUBST
1766,score_VERB
1767,doubt_VERB
1768,driving_ADJ
1769,independent_ADJ
1770,strategy_SUBST
1771,root_SUBST
1772,payment_SUBST
1773,golf_SUBST
1774,belong_VERB
1775,cinema_SUBST
1776,purple_ADJ
1777,task_SUBST
1778,sock_SUBST
1779,additional_ADJ
1780,spread_VERB
1781,religion_SUBST
1782,chop_VERB
1783,maintain_VERB
1784,topic_SUBST
1785,discover_VERB
1786,past_ADJ
1787,gay_ADJ
1788,parish_SUBST
1789,jacket_SUBST
1790,supermarket_SUBST
1791,handle_VERB
1792,supply_SUBST
1793,delete_VERB
1794,margaret_SUBST
1795,homework_SUBST
1796,spoon_SUBST
1797,disease_SUBST
1798,banana_SUBST
1799,beef_SUBST
1800,contribution_SUBST
1801,return_SUBST
1802,demand_SUBST
1803,liverpool_SUBST
1804,electricity_SUBST
1805,generation_SUBST
1806,loss_SUBST
1807,commitment_SUBST
1808,aid_SUBST
1809,angle_SUBST
1810,disappear_VERB
1811,reply_VERB
1812,folk_SUBST
1813,irish_ADJ
1814,curtain_SUBST
1815,ian_SUBST
1816,essay_SUBST
1817,complete_VERB
1818,faith_SUBST
1819,industrial_ADJ
1820,match_VERB
1821,smell_SUBST
1822,reaction_SUBST
1823,arrangement_SUBST
1824,survey_SUBST
1825,than_ADV
1826,campaign_SUBST
1827,copy_VERB
1828,comment_VERB
1829,works_SUBST
1830,repeat_VERB
1831,approach_VERB
1832,pour_VERB
1833,claim_SUBST
1834,manchester_SUBST
1835,prepared_ADJ
1836,brick_SUBST
1837,damage_SUBST
1838,engineer_SUBST
1839,annoy_VERB
1840,funding_SUBST
1841,turkey_SUBST
1842,land_VERB
1843,entire_ADJ
1844,nick_SUBST
1845,dance_SUBST
1846,future_ADJ
1847,awesome_ADJ
1848,consideration_SUBST
1849,drop_SUBST
1850,forest_SUBST
1851,northern_ADJ
1852,link_VERB
1853,diet_SUBST
1854,gift_SUBST
1855,jumper_SUBST
1856,essentially_ADV
1857,real_ADV
1858,naughty_ADJ
1859,priority_SUBST
1860,bite_VERB
1861,lorry_SUBST
1862,heating_SUBST
1863,allowance_SUBST
1864,sarah_SUBST
1865,average_ADJ
1866,simon_SUBST
1867,enormous_ADJ
1868,bacon_SUBST
1869,andrew_SUBST
1870,reality_SUBST
1871,cooking_SUBST
1872,near_ADV
1873,significant_ADJ
1874,lake_SUBST
1875,cottage_SUBST
1876,round_SUBST
1877,resolution_SUBST
1878,code_SUBST
1879,agenda_SUBST
1880,publish_VERB
1881,countryside_SUBST
1882,alarm_SUBST
1883,robert_SUBST
1884,toast_SUBST
1885,loan_SUBST
1886,boundary_SUBST
1887,destroy_VERB
1888,youth_SUBST
1889,wire_SUBST
1890,quote_VERB
1891,rail_SUBST
1892,korea_SUBST
1893,danger_SUBST
1894,relief_SUBST
1895,dollar_SUBST
1896,idiot_SUBST
1897,terry_SUBST
1898,recognize_VERB
1899,establish_VERB
1900,organize_VERB
1901,advertising_SUBST
1902,lemon_SUBST
1903,states_SUBST
1904,tank_SUBST
1905,grandad_SUBST
1906,reduction_SUBST
1907,rabbit_SUBST
1908,ensure_VERB
1909,toy_SUBST
1910,swimming_SUBST
1911,parking_SUBST
1912,judge_VERB
1913,cell_SUBST
1914,orange_ADJ
1915,fuel_SUBST
1916,rise_VERB
1917,tool_SUBST
1918,coach_SUBST
1919,accommodation_SUBST
1920,motorway_SUBST
1921,southern_ADJ
1922,technical_ADJ
1923,joint_ADJ
1924,variety_SUBST
1925,passport_SUBST
1926,fear_SUBST
1927,shed_SUBST
1928,tip_SUBST
1929,rush_VERB
1930,blind_ADJ
1931,express_VERB
1932,hope_SUBST
1933,freud_SUBST
1934,travel_SUBST
1935,ben_SUBST
1936,effective_ADJ
1937,engineering_SUBST
1938,good_SUBST
1939,enquiry_SUBST
1940,square_VERB
1941,communication_SUBST
1942,cambridge_SUBST
1943,coke_SUBST
1944,drawer_SUBST
1945,attend_VERB
1946,favourite_SUBST
1947,title_SUBST
1948,fight_SUBST
1949,smart_ADJ
1950,trial_SUBST
1951,chain_SUBST
1952,oppose_VERB
1953,toe_SUBST
1954,indicate_VERB
1955,swap_VERB
1956,source_SUBST
1957,goods_SUBST
1958,wing_SUBST
1959,italy_SUBST
1960,guilty_ADJ
1961,network_SUBST
1962,phrase_SUBST
1963,prime_ADJ
1964,total_SUBST
1965,moon_SUBST
1966,male_SUBST
1967,stress_SUBST
1968,visit_SUBST
1969,camp_SUBST
1970,freezer_SUBST
1971,block_VERB
1972,impossible_ADJ
1973,directly_ADV
1974,diary_SUBST
1975,physical_ADJ
1976,wrap_VERB
1977,laptop_SUBST
1978,nanny_SUBST
1979,climb_VERB
1980,growth_SUBST
1981,mirror_SUBST
1982,lift_SUBST
1983,terribly_ADV
1984,audience_SUBST
1985,sweet_SUBST
1986,pan_SUBST
1987,hire_VERB
1988,across_ADV
1989,episode_SUBST
1990,tour_SUBST
1991,live_ADJ
1992,challenge_SUBST
1993,release_VERB
1994,genuinely_ADV
1995,relevant_ADJ
1996,festival_SUBST
1997,bastard_SUBST
1998,upset_ADJ
1999,marriage_SUBST
